id,campus,capa,intermediacion_norm,es_articulacion,participacion_corte,daño_cascada,indice_compuesto
INTERNET-MPLS,Nube MPLS,wan,0.818,true,0,0.056,0.6819
BAL-AUL2-D1,Campus Balzay,agregacion,0.248,true,10,0.006,0.5847
DATCC-2A-C3,Campus Central,core,1.0,false,3,0.051,0.5295
CPAR-C10,Campus Paraiso,core,0.905,true,1,0.006,0.524
ROUTER-CAMPUS-HUAYNA-CAPAC,Campus Paraiso,wan,0.82,true,1,0.006,0.5027
BAL-CENTEC-D2,Campus Balzay,agregacion,0.126,true,5,0.006,0.4292
BAL-AUL1-D4,Campus Balzay,agregacion,0.101,true,4,0.006,0.3979
HOS-0A-D05,Campus Hospitalidad,agregacion,0.101,true,4,0.006,0.3979
CB-EADMI-D6,Campus Balzay,agregacion,0.15,true,3,0.006,0.3852
FORTIGATE-1800F-CENTRAL,Campus Central,interconexion,0.417,false,2,0.056,0.3815
ROUTER-CAMPUS-YANUNCAY,Campus Yanuncay,wan,0.286,true,1,0.006,0.3692
AGRPRI-1A-D10,Campus Yanuncay,agregacion,0.272,true,1,0.006,0.3657
CC-ARQUITECTURA-D107,Campus Central,agregacion,0.271,true,0,0.006,0.3406
CCJ-CJURIDICO-D4,Campus Central,agregacion,0.051,true,2,0.006,0.3354
FORTIGATE-1800F-BALZAY,Campus Balzay,interconexion,0.334,false,0,0.062,0.3334
CP-EADMINA1-D6,Campus Paraiso,agregacion,0.199,true,0,0.006,0.3226
PE2-CENTRAL,Campus Central,wan,0.645,false,1,0.034,0.3226
CP-ODONTOLOGIA-D4,Campus Paraiso,agregacion,0.199,true,0,0.006,0.3224
CC-MONJAS-D126,Campus Central,agregacion,0.175,true,0,0.006,0.3164
BAL-EADM-D3,Campus Balzay,agregacion,0.051,true,1,0.006,0.3104
CP-POSGRADO-D2,Campus Paraiso,agregacion,0.15,true,0,0.006,0.3103
CC-ECONOMIA-D51,Campus Central,agregacion,0.15,true,0,0.006,0.3102
CC-ADM-D40,Campus Central,agregacion,0.126,true,0,0.006,0.3042
CP-INVESTIGACION-D5,Campus Paraiso,agregacion,0.126,true,0,0.006,0.3041
CP-TECMEDICO-D3,Campus Paraiso,agregacion,0.126,true,0,0.006,0.3041
QUIN-1A-A117,Campus Balzay,acceso,0.025,true,1,0.006,0.3041
CC-FILOSOFIA-A-D108,Campus Central,agregacion,0.125,true,0,0.006,0.304
CC-JURISPRUDENCIA-D110,Campus Central,agregacion,0.101,true,0,0.006,0.2979
CC-QUIMICA-D109,Campus Central,agregacion,0.101,true,0,0.006,0.2979
CC-AETUC-D30,Campus Central,agregacion,0.076,true,0,0.006,0.2917
CC-PROMAS-D31,Campus Central,agregacion,0.076,true,0,0.006,0.2917
CP-ENFERMERIA-D1,Campus Paraiso,agregacion,0.076,true,0,0.006,0.2917
CC-BIBLIOTECA-D112,Campus Central,agregacion,0.051,true,0,0.006,0.2854
CC-FILOSOFIA-B-D111,Campus Central,agregacion,0.051,true,0,0.006,0.2854
CC-PSICOLOGIA-D125,Campus Central,agregacion,0.051,true,0,0.006,0.2854
ODO-0C-A53,Campus Paraiso,acceso,0.051,true,0,0.006,0.2854
POST-1A-A64,Campus Central,acceso,0.051,true,0,0.006,0.2854
TECQUI-0A-A10,Campus Central,acceso,0.051,true,0,0.006,0.2854
DATCC-2A-C2,Campus Central,core,0.382,false,2,0.034,0.2818
AETUC-0A-A76,Campus Central,acceso,0.025,true,0,0.006,0.2791
ARQ-0A-A85,Campus Central,acceso,0.025,true,0,0.006,0.2791
ARQ-0D-A88,Campus Central,acceso,0.025,true,0,0.006,0.2791
ARQ-1E-A91,Campus Central,acceso,0.025,true,0,0.006,0.2791
ENF-2B-A22,Campus Paraiso,acceso,0.025,true,0,0.006,0.2791
INV-1B-A62,Campus Paraiso,acceso,0.025,true,0,0.006,0.2791
MON-1B-A67,Campus Central,acceso,0.025,true,0,0.006,0.2791
ODO-0B-A52,Campus Paraiso,acceso,0.025,true,0,0.006,0.2791
POS-2C-A33,Campus Paraiso,acceso,0.025,true,0,0.006,0.2791
POST-1A-A65,Campus Central,acceso,0.025,true,0,0.006,0.2791
PRO-1A-A73,Campus Central,acceso,0.025,true,0,0.006,0.2791
QUI-2A-A82,Campus Central,acceso,0.025,true,0,0.006,0.2791
TECMED-1A-A41,Campus Paraiso,acceso,0.025,true,0,0.006,0.2791
DT-0A-C13,Campus Balzay,core,0.5,false,0,0.034,0.2614
PE2-BALZAY,Campus Balzay,wan,0.327,false,0,0.034,0.2181
ROUTER-L2TP-BALZAY,Campus Balzay,wan,0.032,false,4,0.017,0.1761
DT-0A-C12,Campus Balzay,core,0.186,false,0,0.028,0.1603
PE1-CENTRAL,Campus Central,wan,0.151,false,0,0.023,0.1287
ROUTER-CAMPUS-PARAISO,Campus Paraiso,wan,0.228,false,0,0.017,0.1252
SW-ARUBA-CENTRO-HISTORICO,Sede Centro Historico,acceso,0.022,false,1,0.023,0.1213
ROUTER-CAMPUS-CENTRO-HISTORICO,Sede Centro Historico,wan,0.01,false,2,0.017,0.1206
ROUTER-CAMPUS-MUSEO,Sede Museo,wan,0.01,false,2,0.017,0.1206
SW-ARUBA-MUSEO,Sede Museo,acceso,0.016,false,1,0.023,0.12
AUL1-2A-A110,Campus Balzay,acceso,0.0,false,1,0.006,0.0477
AUL1-2A-A111,Campus Balzay,acceso,0.0,false,1,0.006,0.0477
AUL1-3A-A104,Campus Balzay,acceso,0.0,false,1,0.006,0.0477
AUL1-3A-A112,Campus Balzay,acceso,0.0,false,1,0.006,0.0477
AUL2-01A-A124-SUBLAB2,Campus Balzay,acceso,0.0,false,1,0.006,0.0477
AUL2-01A-A24-SUB,Campus Balzay,acceso,0.0,false,1,0.006,0.0477
AUL2-0A-A106,Campus Balzay,acceso,0.0,false,1,0.006,0.0477
AUL2-0A-A118,Campus Balzay,acceso,0.0,false,1,0.006,0.0477
AUL2-0A-A119,Campus Balzay,acceso,0.0,false,1,0.006,0.0477
AUL2-0A-A120,Campus Balzay,acceso,0.0,false,1,0.006,0.0477
AUL2-0A-A121,Campus Balzay,acceso,0.0,false,1,0.006,0.0477
AUL2-0A-A122,Campus Balzay,acceso,0.0,false,1,0.006,0.0477
AUL2-0A-A123,Campus Balzay,acceso,0.0,false,1,0.006,0.0477
CCJ-1A-A10,Campus Central,acceso,0.0,false,1,0.006,0.0477
CCJ-1A-A11,Campus Central,acceso,0.0,false,1,0.006,0.0477
CEA-0A-A108,Campus Balzay,acceso,0.0,false,1,0.006,0.0477
CTBLOQ1-0A-A101,Campus Balzay,acceso,0.0,false,1,0.006,0.0477
CTBLOQ2-0A-A102,Campus Balzay,acceso,0.0,false,1,0.006,0.0477
CTBLOQ3-0A-A103,Campus Balzay,acceso,0.0,false,1,0.006,0.0477
EA-0A-A114,Campus Balzay,acceso,0.0,false,1,0.006,0.0477
EA-1A-A115,Campus Balzay,acceso,0.0,false,1,0.006,0.0477
EA-1A-A116,Campus Balzay,acceso,0.0,false,1,0.006,0.0477
HOS-0A-A10,Campus Hospitalidad,acceso,0.0,false,1,0.006,0.0477
HOS-0A-A13,Campus Hospitalidad,acceso,0.0,false,1,0.006,0.0477
HOS-1A-A12,Campus Hospitalidad,acceso,0.0,false,1,0.006,0.0477
HOS-2A-A11,Campus Hospitalidad,acceso,0.0,false,1,0.006,0.0477
MICRORED-1A-A109,Campus Balzay,acceso,0.0,false,1,0.006,0.0477
VLIR-0A-A107,Campus Balzay,acceso,0.0,false,1,0.006,0.0477
PE1-BALZAY,Campus Balzay,wan,0.013,false,0,0.006,0.0259
AETUC-0A-A97,Campus Central,acceso,0.0,false,0,0.006,0.0227
AETUCCF-2A-A79,Campus Central,acceso,0.0,false,0,0.006,0.0227
AGRPRI-1A-A19,Campus Yanuncay,acceso,0.0,false,0,0.006,0.0227
ANF-0A-A14,Campus Yanuncay,acceso,0.0,false,0,0.006,0.0227
ARQ-0A-A84,Campus Central,acceso,0.0,false,0,0.006,0.0227
ARQ-0B-A87,Campus Central,acceso,0.0,false,0,0.006,0.0227
ARQ-0D-A89,Campus Central,acceso,0.0,false,0,0.006,0.0227
ARQ-0D-A90,Campus Central,acceso,0.0,false,0,0.006,0.0227
ARQ-0G-A93-CEPAUC,Campus Central,acceso,0.0,false,0,0.006,0.0227
ARQ-1C-A86,Campus Central,acceso,0.0,false,0,0.006,0.0227
ARQ-1C-A96,Campus Central,acceso,0.0,false,0,0.006,0.0227
ARQ-1E-A92,Campus Central,acceso,0.0,false,0,0.006,0.0227
ART-0A-A15,Campus Yanuncay,acceso,0.0,false,0,0.006,0.0227
BIB-2A-A16,Campus Yanuncay,acceso,0.0,false,0,0.006,0.0227
BLOQUED-0A-A21,Campus Yanuncay,acceso,0.0,false,0,0.006,0.0227
CC-BLOQUE-IQ,Campus Central,agregacion,0.0,false,0,0.006,0.0227
CCADM-2A-A43,Campus Central,acceso,0.0,false,0,0.006,0.0227
CCADM-2A-A44,Campus Central,acceso,0.0,false,0,0.006,0.0227
CCADM-2A-A45,Campus Central,acceso,0.0,false,0,0.006,0.0227
CCBIB-1A-A71,Campus Central,acceso,0.0,false,0,0.006,0.0227
CEN-1A-A20,Campus Yanuncay,acceso,0.0,false,0,0.006,0.0227
CENDIA-0A-A19,Campus Paraiso,acceso,0.0,false,0,0.006,0.0227
CMED-0A-A42,Campus Central,acceso,0.0,false,0,0.006,0.0227
CREDU-0B-A94,Campus Central,acceso,0.0,false,0,0.006,0.0227
DAN-1A-A11,Campus Yanuncay,acceso,0.0,false,0,0.006,0.0227
ECOK1-1A-A101,Campus Central,acceso,0.0,false,0,0.006,0.0227
ECOK1-1A-A102,Campus Central,acceso,0.0,false,0,0.006,0.0227
ECOK2-1A-A52,Campus Central,acceso,0.0,false,0,0.006,0.0227
ECOK3-0A-A63,Campus Central,acceso,0.0,false,0,0.006,0.0227
ENF-2B-A122,Campus Paraiso,acceso,0.0,false,0,0.006,0.0227
ENF-3A-A21,Campus Paraiso,acceso,0.0,false,0,0.006,0.0227
FILOA-0B-A56,Campus Central,acceso,0.0,false,0,0.006,0.0227
FILOA-2A-A55,Campus Central,acceso,0.0,false,0,0.006,0.0227
FILOB-1B-A58,Campus Central,acceso,0.0,false,0,0.006,0.0227
FILOB-2A-A57,Campus Central,acceso,0.0,false,0,0.006,0.0227
INV-1A-A161,Campus Paraiso,acceso,0.0,false,0,0.006,0.0227
INV-1A-A61,Campus Paraiso,acceso,0.0,false,0,0.006,0.0227
INV-1B-A162,Campus Paraiso,acceso,0.0,false,0,0.006,0.0227
JUR-0A-A59,Campus Central,acceso,0.0,false,0,0.006,0.0227
JUR-0A-A60,Campus Central,acceso,0.0,false,0,0.006,0.0227
JUR-1A-A61,Campus Central,acceso,0.0,false,0,0.006,0.0227
JUR-1A-A62,Campus Central,acceso,0.0,false,0,0.006,0.0227
LAB-1A-A18,Campus Yanuncay,acceso,0.0,false,0,0.006,0.0227
LABMAC-1A-A13,Campus Yanuncay,acceso,0.0,false,0,0.006,0.0227
LAC-0A-A17,Campus Yanuncay,acceso,0.0,false,0,0.006,0.0227
MEDADM-0F-A16,Campus Paraiso,acceso,0.0,false,0,0.006,0.0227
MEDADM-0G-A17,Campus Paraiso,acceso,0.0,false,0,0.006,0.0227
MEDADM-1A-A11,Campus Paraiso,acceso,0.0,false,0,0.006,0.0227
MEDADM-1B-A12,Campus Paraiso,acceso,0.0,false,0,0.006,0.0227
MEDADM-1C-A13,Campus Paraiso,acceso,0.0,false,0,0.006,0.0227
MEDADM-1D-A14,Campus Paraiso,acceso,0.0,false,0,0.006,0.0227
MEDADM-1E-A15,Campus Paraiso,acceso,0.0,false,0,0.006,0.0227
MEDADM-1H-A18,Campus Paraiso,acceso,0.0,false,0,0.006,0.0227
MON-0A-A103,Campus Central,acceso,0.0,false,0,0.006,0.0227
MON-0A-A104,Campus Central,acceso,0.0,false,0,0.006,0.0227
MON-1B-A68,Campus Central,acceso,0.0,false,0,0.006,0.0227
MON-1C-A105,Campus Central,acceso,0.0,false,0,0.006,0.0227
MON-1C-A106,Campus Central,acceso,0.0,false,0,0.006,0.0227
ODO-0B-A152,Campus Paraiso,acceso,0.0,false,0,0.006,0.0227
ODO-0C-A153,Campus Paraiso,acceso,0.0,false,0,0.006,0.0227
ODO-0C-A154,Campus Paraiso,acceso,0.0,false,0,0.006,0.0227
ODO-0C-A54,Campus Paraiso,acceso,0.0,false,0,0.006,0.0227
ODO-1A-A151,Campus Paraiso,acceso,0.0,false,0,0.006,0.0227
ODO-1A-A51,Campus Paraiso,acceso,0.0,false,0,0.006,0.0227
POS-0A-A131,Campus Paraiso,acceso,0.0,false,0,0.006,0.0227
POS-0A-A31,Campus Paraiso,acceso,0.0,false,0,0.006,0.0227
POS-1B-A32,Campus Paraiso,acceso,0.0,false,0,0.006,0.0227
POS-2C-A133,Campus Paraiso,acceso,0.0,false,0,0.006,0.0227
POSLAB-0D-A34,Campus Paraiso,acceso,0.0,false,0,0.006,0.0227
POST-2A-A66,Campus Central,acceso,0.0,false,0,0.006,0.0227
PRO-3A-A74,Campus Central,acceso,0.0,false,0,0.006,0.0227
PSIC-1A-A53,Campus Central,acceso,0.0,false,0,0.006,0.0227
PSIC-2B-A54,Campus Central,acceso,0.0,false,0,0.006,0.0227
QUI-0A-A78,Campus Central,acceso,0.0,false,0,0.006,0.0227
QUI-1A-A83,Campus Central,acceso,0.0,false,0,0.006,0.0227
QUI-2A-A81,Campus Central,acceso,0.0,false,0,0.006,0.0227
QUIN-1A-A128,Campus Balzay,acceso,0.0,false,0,0.006,0.0227
TALL-0A-A12,Campus Yanuncay,acceso,0.0,false,0,0.006,0.0227
TEAT-0A-A75,Campus Central,acceso,0.0,false,0,0.006,0.0227
TECMED-0B-A42,Campus Paraiso,acceso,0.0,false,0,0.006,0.0227
TECMED-1A-A141,Campus Paraiso,acceso,0.0,false,0,0.006,0.0227
TECMED-2C-A43,Campus Paraiso,acceso,0.0,false,0,0.006,0.0227
TECMED-3D-A44,Campus Paraiso,acceso,0.0,false,0,0.006,0.0227
TECQUI-0A-A11,Campus Central,acceso,0.0,false,0,0.006,0.0227
TECQUI-0A-A12,Campus Central,acceso,0.0,false,0,0.006,0.0227
VIN-0A-A72,Campus Central,acceso,0.0,false,0,0.006,0.0227
