f,S_aleatorio_media,S_aleatorio_std,S_grado,S_intermediacion_estatica,S_intermediacion_recalculada
0.0,1.0,0.0,1.0,1.0,1.0
0.005649717514124294,0.9860451977401131,0.026819468163860178,0.9943502824858758,0.9943502824858758,0.9943502824858758
0.011299435028248588,0.9745762711864409,0.03620257077998777,0.6101694915254238,0.7570621468926554,0.6101694915254238
0.01694915254237288,0.9608474576271187,0.043036369859561024,0.5423728813559322,0.751412429378531,0.559322033898305
0.022598870056497175,0.9454237288135593,0.0506232573607329,0.480225988700565,0.7005649717514124,0.3220338983050847
0.02824858757062147,0.928135593220339,0.061019062740146034,0.480225988700565,0.6892655367231638,0.3163841807909605
0.03389830508474576,0.910960451977401,0.06930227104620913,0.4293785310734463,0.6836158192090396,0.11864406779661017
0.03954802259887006,0.9002824858757063,0.06928019220842843,0.4293785310734463,0.6779661016949152,0.06779661016949153
0.04519774011299435,0.8884745762711864,0.07134478638321697,0.423728813559322,0.2937853107344633,0.062146892655367235
0.05084745762711865,0.8789830508474575,0.070052170930072,0.3728813559322034,0.1977401129943503,0.05084745762711865
0.05649717514124294,0.8632203389830511,0.07885638437258281,0.3389830508474576,0.1977401129943503,0.05084745762711865
0.062146892655367235,0.8516384180790959,0.08043245333764204,0.3389830508474576,0.1977401129943503,0.05084745762711865
0.06779661016949153,0.8381920903954803,0.08384316460609255,0.15254237288135594,0.1977401129943503,0.05084745762711865
0.07344632768361582,0.8297740112994351,0.08294674013305427,0.05084745762711865,0.1977401129943503,0.05084745762711865
0.07909604519774012,0.817231638418079,0.08739002719828526,0.05084745762711865,0.13559322033898305,0.03954802259887006
0.0847457627118644,0.8063841807909605,0.08873181956349982,0.05084745762711865,0.13559322033898305,0.03954802259887006
0.0903954802259887,0.7932768361581921,0.08984486402026699,0.05084745762711865,0.13559322033898305,0.03389830508474576
0.096045197740113,0.783502824858757,0.08880092217710354,0.05084745762711865,0.13559322033898305,0.03389830508474576
0.1016949152542373,0.7705084745762711,0.0893290833590026,0.05084745762711865,0.04519774011299435,0.03389830508474576
0.10734463276836158,0.7610734463276836,0.09088030900103605,0.05084745762711865,0.03954802259887006,0.03389830508474576
0.11299435028248588,0.7521468926553672,0.09064358108945991,0.03389830508474576,0.03954802259887006,0.03389830508474576
0.11864406779661017,0.7439548022598871,0.09001976361965583,0.03389830508474576,0.03954802259887006,0.03389830508474576
0.12429378531073447,0.7342372881355931,0.09058759474557151,0.03389830508474576,0.03954802259887006,0.03389830508474576
0.12994350282485875,0.7232768361581923,0.09193735798197432,0.03389830508474576,0.03389830508474576,0.03389830508474576
0.13559322033898305,0.7124293785310734,0.09297488346098977,0.03389830508474576,0.03389830508474576,0.03389830508474576
0.14124293785310735,0.7031073446327685,0.09223284990035473,0.02824858757062147,0.03389830508474576,0.03389830508474576
0.14689265536723164,0.6922598870056497,0.09363129013823761,0.02824858757062147,0.03389830508474576,0.02824858757062147
0.15254237288135594,0.6837853107344632,0.09508011528706448,0.02824858757062147,0.03389830508474576,0.022598870056497175
0.15819209039548024,0.6759322033898306,0.09236609666391858,0.02824858757062147,0.02824858757062147,0.022598870056497175
0.1638418079096045,0.6627683615819209,0.09144759165062553,0.02824858757062147,0.02824858757062147,0.022598870056497175
0.1694915254237288,0.6509604519774012,0.09359038990839764,0.02824858757062147,0.02824858757062147,0.022598870056497175
0.1751412429378531,0.6420903954802258,0.09069236970179935,0.02824858757062147,0.02824858757062147,0.01694915254237288
0.1807909604519774,0.6316949152542373,0.09177489650034666,0.02824858757062147,0.02824858757062147,0.01694915254237288
0.1864406779661017,0.6209039548022599,0.09495132242033497,0.02824858757062147,0.02824858757062147,0.01694915254237288
0.192090395480226,0.6049717514124293,0.09668818078791673,0.02824858757062147,0.02824858757062147,0.01694915254237288
0.1977401129943503,0.5934463276836158,0.1006237536975295,0.02824858757062147,0.02824858757062147,0.01694915254237288
0.2033898305084746,0.5823728813559322,0.10249918165652956,0.022598870056497175,0.02824858757062147,0.01694915254237288
0.20903954802259886,0.5687570621468926,0.10830316296799575,0.022598870056497175,0.02824858757062147,0.01694915254237288
0.21468926553672316,0.5588700564971751,0.10780373803178278,0.01694915254237288,0.02824858757062147,0.01694915254237288
0.22033898305084745,0.5425423728813559,0.1101023944159234,0.01694915254237288,0.02824858757062147,0.011299435028248588
0.22598870056497175,0.5279096045197741,0.11068611974601283,0.01694915254237288,0.02824858757062147,0.011299435028248588
0.23163841807909605,0.5129378531073447,0.10967061324889105,0.01694915254237288,0.02824858757062147,0.011299435028248588
0.23728813559322035,0.502542372881356,0.11064840587086461,0.01694915254237288,0.02824858757062147,0.011299435028248588
0.24293785310734464,0.49192090395480226,0.11373737043875315,0.01694915254237288,0.02824858757062147,0.011299435028248588
0.24858757062146894,0.48265536723163843,0.11485444657581777,0.01694915254237288,0.011299435028248588,0.011299435028248588
0.2542372881355932,0.4748022598870057,0.11442883320408348,0.01694915254237288,0.011299435028248588,0.011299435028248588
0.2598870056497175,0.46293785310734464,0.11460311132031858,0.01694915254237288,0.011299435028248588,0.011299435028248588
0.2655367231638418,0.45344632768361587,0.11506861729072446,0.01694915254237288,0.011299435028248588,0.011299435028248588
0.2711864406779661,0.44440677966101694,0.11296358652149364,0.01694915254237288,0.011299435028248588,0.011299435028248588
0.2768361581920904,0.43604519774011297,0.11040630272785466,0.01694915254237288,0.011299435028248588,0.011299435028248588
0.2824858757062147,0.42677966101694914,0.11225983947302877,0.01694915254237288,0.011299435028248588,0.011299435028248588
0.288135593220339,0.4190395480225989,0.10980212294315768,0.01694915254237288,0.011299435028248588,0.011299435028248588
0.2937853107344633,0.4084180790960452,0.10953823924853912,0.01694915254237288,0.011299435028248588,0.011299435028248588
0.2994350282485876,0.39875706214689266,0.10971730313171738,0.01694915254237288,0.011299435028248588,0.011299435028248588
0.3050847457627119,0.3935593220338983,0.10827388032908575,0.011299435028248588,0.011299435028248588,0.011299435028248588
0.3107344632768362,0.3857627118644067,0.10296179313838281,0.011299435028248588,0.011299435028248588,0.011299435028248588
0.3163841807909605,0.37870056497175136,0.10320380281793327,0.011299435028248588,0.011299435028248588,0.011299435028248588
0.3220338983050847,0.3719774011299435,0.10446529857416872,0.011299435028248588,0.011299435028248588,0.011299435028248588
0.327683615819209,0.3636158192090395,0.10375860143711725,0.011299435028248588,0.011299435028248588,0.011299435028248588
0.3333333333333333,0.3525423728813559,0.09979713887280792,0.011299435028248588,0.011299435028248588,0.011299435028248588
0.3389830508474576,0.3462146892655367,0.09790894410450257,0.011299435028248588,0.005649717514124294,0.011299435028248588
0.3446327683615819,0.3373446327683616,0.09715594530431189,0.011299435028248588,0.005649717514124294,0.011299435028248588
0.3502824858757062,0.3296045197740113,0.09552251099623799,0.011299435028248588,0.005649717514124294,0.011299435028248588
0.3559322033898305,0.32056497175141246,0.09295102201262424,0.011299435028248588,0.005649717514124294,0.011299435028248588
0.3615819209039548,0.31175141242937854,0.09593731247352127,0.005649717514124294,0.005649717514124294,0.011299435028248588
0.3672316384180791,0.29802259887005644,0.10059637019961136,0.005649717514124294,0.005649717514124294,0.011299435028248588
0.3728813559322034,0.29011299435028254,0.09693028705418114,0.005649717514124294,0.005649717514124294,0.011299435028248588
0.3785310734463277,0.2826553672316384,0.0945735057073642,0.005649717514124294,0.005649717514124294,0.011299435028248588
0.384180790960452,0.27655367231638417,0.09274181601870585,0.005649717514124294,0.005649717514124294,0.011299435028248588
0.3898305084745763,0.26796610169491525,0.08860600729737317,0.005649717514124294,0.005649717514124294,0.011299435028248588
0.3954802259887006,0.2633898305084746,0.08738414239827397,0.005649717514124294,0.005649717514124294,0.011299435028248588
0.4011299435028249,0.2588135593220339,0.08893811441842238,0.005649717514124294,0.005649717514124294,0.011299435028248588
0.4067796610169492,0.2493220338983051,0.08879284330806586,0.005649717514124294,0.005649717514124294,0.011299435028248588
0.4124293785310734,0.24101694915254235,0.08683427738308946,0.005649717514124294,0.005649717514124294,0.011299435028248588
0.4180790960451977,0.23000000000000004,0.0836459479213075,0.005649717514124294,0.005649717514124294,0.011299435028248588
0.423728813559322,0.22254237288135595,0.08333546609616603,0.005649717514124294,0.005649717514124294,0.011299435028248588
0.4293785310734463,0.2161581920903955,0.07979658951451378,0.005649717514124294,0.005649717514124294,0.011299435028248588
0.4350282485875706,0.2117514124293785,0.07838965184990024,0.005649717514124294,0.005649717514124294,0.011299435028248588
0.4406779661016949,0.2069491525423729,0.07763404954529841,0.005649717514124294,0.005649717514124294,0.011299435028248588
0.4463276836158192,0.2024858757062147,0.07764677756712877,0.005649717514124294,0.005649717514124294,0.011299435028248588
0.4519774011299435,0.1976271186440678,0.0783094071252251,0.005649717514124294,0.005649717514124294,0.011299435028248588
0.4576271186440678,0.19203389830508474,0.07803106168536585,0.005649717514124294,0.005649717514124294,0.011299435028248588
0.4632768361581921,0.18870056497175142,0.07793805896709949,0.005649717514124294,0.005649717514124294,0.011299435028248588
0.4689265536723164,0.17994350282485874,0.07373056821095533,0.005649717514124294,0.005649717514124294,0.011299435028248588
0.4745762711864407,0.17406779661016947,0.07311279895182476,0.005649717514124294,0.005649717514124294,0.011299435028248588
0.480225988700565,0.17152542372881352,0.07303702032496522,0.005649717514124294,0.005649717514124294,0.011299435028248588
0.4858757062146893,0.16706214689265536,0.0708715767495659,0.005649717514124294,0.005649717514124294,0.011299435028248588
0.4915254237288136,0.162090395480226,0.06792344372586398,0.005649717514124294,0.005649717514124294,0.011299435028248588
0.4971751412429379,0.1568361581920904,0.06618487872236666,0.005649717514124294,0.005649717514124294,0.011299435028248588
0.5028248587570622,0.15293785310734465,0.06406665322991788,0.005649717514124294,0.005649717514124294,0.011299435028248588
0.5084745762711864,0.14898305084745764,0.06349238423884497,0.005649717514124294,0.005649717514124294,0.011299435028248588
0.5141242937853108,0.14242937853107346,0.060334741285436186,0.005649717514124294,0.005649717514124294,0.011299435028248588
0.519774011299435,0.13745762711864407,0.059704946266063215,0.005649717514124294,0.005649717514124294,0.011299435028248588
0.5254237288135594,0.13118644067796612,0.0597293770666318,0.005649717514124294,0.005649717514124294,0.011299435028248588
0.5310734463276836,0.1261581920903955,0.0590642881702878,0.005649717514124294,0.005649717514124294,0.011299435028248588
0.536723163841808,0.12271186440677966,0.05832836732051857,0.005649717514124294,0.005649717514124294,0.011299435028248588
0.5423728813559322,0.11824858757062146,0.056452958786057626,0.005649717514124294,0.005649717514124294,0.011299435028248588
0.5480225988700564,0.11378531073446328,0.05559410650753422,0.005649717514124294,0.005649717514124294,0.011299435028248588
0.5536723163841808,0.11028248587570622,0.05568369438009505,0.005649717514124294,0.005649717514124294,0.011299435028248588
0.559322033898305,0.10372881355932202,0.05412184064598629,0.005649717514124294,0.005649717514124294,0.011299435028248588
0.5649717514124294,0.10197740112994348,0.0530317366162088,0.005649717514124294,0.005649717514124294,0.011299435028248588
0.5706214689265536,0.09853107344632767,0.05225974047987405,0.005649717514124294,0.005649717514124294,0.011299435028248588
0.576271186440678,0.09638418079096044,0.05142324604809859,0.005649717514124294,0.005649717514124294,0.011299435028248588
0.5819209039548022,0.09192090395480225,0.04673286816447021,0.005649717514124294,0.005649717514124294,0.011299435028248588
0.5875706214689266,0.09011299435028249,0.04613237126898529,0.005649717514124294,0.005649717514124294,0.011299435028248588
0.5932203389830508,0.08666666666666668,0.04537728988749497,0.005649717514124294,0.005649717514124294,0.011299435028248588
0.5988700564971752,0.08293785310734463,0.0426270601201684,0.005649717514124294,0.005649717514124294,0.011299435028248588
0.6045197740112994,0.08146892655367231,0.04147155283576446,0.005649717514124294,0.005649717514124294,0.011299435028248588
0.6101694915254238,0.07858757062146894,0.0396424387186802,0.005649717514124294,0.005649717514124294,0.011299435028248588
0.615819209039548,0.07649717514124293,0.0377367912940521,0.005649717514124294,0.005649717514124294,0.011299435028248588
0.6214689265536724,0.07423728813559322,0.03657929051014615,0.005649717514124294,0.005649717514124294,0.011299435028248588
0.6271186440677966,0.07265536723163842,0.03650870879923004,0.005649717514124294,0.005649717514124294,0.011299435028248588
0.632768361581921,0.07096045197740113,0.03511594965665577,0.005649717514124294,0.005649717514124294,0.011299435028248588
0.6384180790960452,0.07005649717514124,0.03496578643717101,0.005649717514124294,0.005649717514124294,0.011299435028248588
0.6440677966101694,0.06740112994350282,0.03417542568948469,0.005649717514124294,0.005649717514124294,0.011299435028248588
0.6497175141242938,0.06587570621468926,0.033852810499061706,0.005649717514124294,0.005649717514124294,0.011299435028248588
0.655367231638418,0.06372881355932203,0.03310023278585008,0.005649717514124294,0.005649717514124294,0.011299435028248588
0.6610169491525424,0.06242937853107345,0.03262236573149481,0.005649717514124294,0.005649717514124294,0.011299435028248588
0.6666666666666666,0.06073446327683616,0.03149598833784595,0.005649717514124294,0.005649717514124294,0.011299435028248588
0.672316384180791,0.05898305084745763,0.030560214496051626,0.005649717514124294,0.005649717514124294,0.011299435028248588
0.6779661016949152,0.05734463276836158,0.029201250458380394,0.005649717514124294,0.005649717514124294,0.011299435028248588
0.6836158192090396,0.05525423728813559,0.02870239827416715,0.005649717514124294,0.005649717514124294,0.011299435028248588
0.6892655367231638,0.05355932203389831,0.027880729884459762,0.005649717514124294,0.005649717514124294,0.011299435028248588
0.6949152542372882,0.051807909604519774,0.027350383754309798,0.005649717514124294,0.005649717514124294,0.011299435028248588
0.7005649717514124,0.05045197740112994,0.026270465412202022,0.005649717514124294,0.005649717514124294,0.011299435028248588
0.7062146892655368,0.048757062146892655,0.024523623816805937,0.005649717514124294,0.005649717514124294,0.011299435028248588
0.711864406779661,0.046158192090395476,0.021918877069797598,0.005649717514124294,0.005649717514124294,0.011299435028248588
0.7175141242937854,0.044463276836158194,0.02185405912364151,0.005649717514124294,0.005649717514124294,0.011299435028248588
0.7231638418079096,0.043276836158192084,0.02198005704527499,0.005649717514124294,0.005649717514124294,0.011299435028248588
0.7288135593220338,0.041412429378531075,0.020739818722053917,0.005649717514124294,0.005649717514124294,0.011299435028248588
0.7344632768361582,0.04062146892655367,0.020294151228038515,0.005649717514124294,0.005649717514124294,0.011299435028248588
0.7401129943502824,0.03853107344632768,0.019395451874897652,0.005649717514124294,0.005649717514124294,0.011299435028248588
0.7457627118644068,0.03694915254237288,0.018301364389086767,0.005649717514124294,0.005649717514124294,0.011299435028248588
0.751412429378531,0.03598870056497175,0.017714737817737185,0.005649717514124294,0.005649717514124294,0.011299435028248588
0.7570621468926554,0.034237288135593215,0.01627608402770452,0.005649717514124294,0.005649717514124294,0.011299435028248588
0.7627118644067796,0.03344632768361582,0.0159733564686222,0.005649717514124294,0.005649717514124294,0.011299435028248588
0.768361581920904,0.03231638418079096,0.014433749749200678,0.005649717514124294,0.005649717514124294,0.011299435028248588
0.7740112994350282,0.031129943502824862,0.013231377248441067,0.005649717514124294,0.005649717514124294,0.011299435028248588
0.7796610169491526,0.03022598870056497,0.013155130567024954,0.005649717514124294,0.005649717514124294,0.011299435028248588
0.7853107344632768,0.02870056497175141,0.012327797698690855,0.005649717514124294,0.005649717514124294,0.011299435028248588
0.7909604519774012,0.02779661016949152,0.012009853539565353,0.005649717514124294,0.005649717514124294,0.011299435028248588
0.7966101694915254,0.02706214689265536,0.012079851997104835,0.005649717514124294,0.005649717514124294,0.011299435028248588
0.8022598870056498,0.02632768361581921,0.012157671043362057,0.005649717514124294,0.005649717514124294,0.011299435028248588
0.807909604519774,0.025593220338983046,0.012003811656229126,0.005649717514124294,0.005649717514124294,0.011299435028248588
0.8135593220338984,0.02480225988700565,0.011689191905444672,0.005649717514124294,0.005649717514124294,0.011299435028248588
0.8192090395480226,0.024124293785310735,0.011715641191456667,0.005649717514124294,0.005649717514124294,0.011299435028248588
0.8248587570621468,0.023502824858757057,0.011766854502307578,0.005649717514124294,0.005649717514124294,0.011299435028248588
0.8305084745762712,0.022146892655367227,0.011347270769913634,0.005649717514124294,0.005649717514124294,0.011299435028248588
0.8361581920903954,0.021638418079096045,0.011470906890233034,0.005649717514124294,0.005649717514124294,0.011299435028248588
0.8418079096045198,0.021129943502824856,0.01094048357193302,0.005649717514124294,0.005649717514124294,0.011299435028248588
0.847457627118644,0.020112994350282482,0.010387189675231208,0.005649717514124294,0.005649717514124294,0.011299435028248588
0.8531073446327684,0.01943502824858757,0.01007200895059499,0.005649717514124294,0.005649717514124294,0.011299435028248588
0.8587570621468926,0.018757062146892652,0.009863702656189462,0.005649717514124294,0.005649717514124294,0.011299435028248588
0.864406779661017,0.018248587570621467,0.009862885441243762,0.005649717514124294,0.005649717514124294,0.011299435028248588
0.8700564971751412,0.017005649717514126,0.008923779310066656,0.005649717514124294,0.005649717514124294,0.011299435028248588
0.8757062146892656,0.01615819209039548,0.007490894379903195,0.005649717514124294,0.005649717514124294,0.011299435028248588
0.8813559322033898,0.015649717514124292,0.007085449200582804,0.005649717514124294,0.005649717514124294,0.011299435028248588
0.8870056497175142,0.015084745762711864,0.007094544190785392,0.005649717514124294,0.005649717514124294,0.011299435028248588
0.8926553672316384,0.01480225988700565,0.006897527801091568,0.005649717514124294,0.005649717514124294,0.011299435028248588
0.8983050847457628,0.013559322033898305,0.006424127046496737,0.005649717514124294,0.005649717514124294,0.011299435028248588
0.903954802259887,0.013333333333333332,0.006195203768066367,0.005649717514124294,0.005649717514124294,0.011299435028248588
0.9096045197740112,0.012768361581920904,0.006148186616679014,0.005649717514124294,0.005649717514124294,0.011299435028248588
0.9152542372881356,0.012033898305084745,0.0056585561177435045,0.005649717514124294,0.005649717514124294,0.011299435028248588
0.9209039548022598,0.011638418079096042,0.0054356523998140985,0.005649717514124294,0.005649717514124294,0.011299435028248588
0.9265536723163842,0.011016949152542371,0.005227318829231989,0.005649717514124294,0.005649717514124294,0.011299435028248588
0.9322033898305084,0.010282485875706213,0.004843457369064888,0.005649717514124294,0.005649717514124294,0.011299435028248588
0.9378531073446328,0.0096045197740113,0.004784519298915295,0.005649717514124294,0.005649717514124294,0.011299435028248588
0.943502824858757,0.009265536723163841,0.004718017285571687,0.005649717514124294,0.005649717514124294,0.011299435028248588
0.9491525423728814,0.008644067796610169,0.00428354594175437,0.005649717514124294,0.005649717514124294,0.011299435028248588
0.9548022598870056,0.008022598870056496,0.003866169140390552,0.005649717514124294,0.005649717514124294,0.011299435028248588
0.96045197740113,0.007514124293785309,0.0036846967988330903,0.005649717514124294,0.005649717514124294,0.005649717514124294
0.9661016949152542,0.00694915254237288,0.002879122706602166,0.005649717514124294,0.005649717514124294,0.005649717514124294
0.9717514124293786,0.006666666666666665,0.0024593795264996453,0.005649717514124294,0.005649717514124294,0.005649717514124294
0.9774011299435028,0.006271186440677965,0.0017766442809899442,0.005649717514124294,0.005649717514124294,0.005649717514124294
0.9830508474576272,0.005875706214689264,0.0011126914438809737,0.005649717514124294,0.005649717514124294,0.005649717514124294
0.9887005649717514,0.005762711864406777,0.0007949451646118061,0.005649717514124294,0.005649717514124294,0.005649717514124294
0.9943502824858758,0.005649717514124293,8.717313461872983e-19,0.005649717514124294,0.005649717514124294,0.005649717514124294
1.0,0.0,0.0,0.0,0.0,0.0
