f,S_real,S_ER,S_configuracion
0.0,1.0,1.0,1.0
0.005649717514124294,0.9860451977401131,0.8654237288135593,0.7827118644067796
0.011299435028248588,0.9745762711864409,0.8589830508474577,0.7723163841807908
0.01694915254237288,0.9608474576271187,0.8507344632768361,0.7645197740112993
0.022598870056497175,0.9454237288135593,0.8430508474576272,0.755141242937853
0.02824858757062147,0.928135593220339,0.8367231638418079,0.747231638418079
0.03389830508474576,0.910960451977401,0.8294915254237287,0.740225988700565
0.03954802259887006,0.9002824858757063,0.8222598870056497,0.7363841807909605
0.04519774011299435,0.8884745762711864,0.8151412429378531,0.7310734463276836
0.05084745762711865,0.8789830508474575,0.8080225988700565,0.7241807909604521
0.05649717514124294,0.8632203389830511,0.8014689265536723,0.7160451977401131
0.062146892655367235,0.8516384180790959,0.7915254237288135,0.7075706214689265
0.06779661016949153,0.8381920903954803,0.7847457627118644,0.6992090395480227
0.07344632768361582,0.8297740112994351,0.7762711864406779,0.6911864406779661
0.07909604519774012,0.817231638418079,0.7702824858757062,0.6827118644067798
0.0847457627118644,0.8063841807909605,0.7637288135593221,0.6757062146892656
0.0903954802259887,0.7932768361581921,0.7543502824858757,0.6672316384180792
0.096045197740113,0.783502824858757,0.744858757062147,0.6598870056497175
0.1016949152542373,0.7705084745762711,0.7380790960451978,0.6512994350282486
0.10734463276836158,0.7610734463276836,0.7309604519774011,0.6429378531073446
0.11299435028248588,0.7521468926553672,0.7224858757062147,0.6326553672316383
0.11864406779661017,0.7439548022598871,0.7145762711864407,0.6242937853107344
0.12429378531073447,0.7342372881355931,0.7072316384180791,0.6151412429378531
0.12994350282485875,0.7232768361581923,0.7013559322033899,0.6084745762711864
0.13559322033898305,0.7124293785310734,0.6931073446327685,0.6011299435028249
0.14124293785310735,0.7031073446327685,0.6853107344632768,0.5936723163841807
0.14689265536723164,0.6922598870056497,0.6788700564971751,0.584858757062147
0.15254237288135594,0.6837853107344632,0.6680225988700564,0.5755932203389831
0.15819209039548024,0.6759322033898306,0.6584180790960452,0.5701694915254237
0.1638418079096045,0.6627683615819209,0.6526553672316383,0.5645197740112994
0.1694915254237288,0.6509604519774012,0.6449717514124294,0.5568361581920904
0.1751412429378531,0.6420903954802258,0.6371751412429378,0.5499435028248587
0.1807909604519774,0.6316949152542373,0.6302824858757063,0.5420338983050847
0.1864406779661017,0.6209039548022599,0.6221468926553672,0.5333333333333333
0.192090395480226,0.6049717514124293,0.6153672316384181,0.5259887005649717
0.1977401129943503,0.5934463276836158,0.6090395480225989,0.5181920903954803
0.2033898305084746,0.5823728813559322,0.6036158192090395,0.5100564971751412
0.20903954802259886,0.5687570621468926,0.5959322033898306,0.49920903954802254
0.21468926553672316,0.5588700564971751,0.5859887005649718,0.4935593220338983
0.22033898305084745,0.5425423728813559,0.5783050847457627,0.48474576271186437
0.22598870056497175,0.5279096045197741,0.5672316384180791,0.4745762711864407
0.23163841807909605,0.5129378531073447,0.5594350282485876,0.4691525423728814
0.23728813559322035,0.502542372881356,0.552090395480226,0.46271186440677964
0.24293785310734464,0.49192090395480226,0.5453107344632768,0.45740112994350285
0.24858757062146894,0.48265536723163843,0.5377401129943503,0.45175141242937855
0.2542372881355932,0.4748022598870057,0.5266666666666666,0.44802259887005647
0.2598870056497175,0.46293785310734464,0.5175141242937853,0.44237288135593217
0.2655367231638418,0.45344632768361587,0.5062146892655367,0.435819209039548
0.2711864406779661,0.44440677966101694,0.4981920903954802,0.4288135593220339
0.2768361581920904,0.43604519774011297,0.4905084745762712,0.42259887005649716
0.2824858757062147,0.42677966101694914,0.4831638418079096,0.41728813559322037
0.288135593220339,0.4190395480225989,0.47423728813559324,0.41163841807909607
0.2937853107344633,0.4084180790960452,0.46485875706214685,0.40463276836158196
0.2994350282485876,0.39875706214689266,0.4564971751412429,0.39943502824858756
0.3050847457627119,0.3935593220338983,0.44881355932203393,0.39581920903954804
0.3107344632768362,0.3857627118644067,0.43920903954802265,0.39039548022598863
0.3163841807909605,0.37870056497175136,0.42655367231638414,0.384180790960452
0.3220338983050847,0.3719774011299435,0.4174011299435028,0.3763841807909605
0.327683615819209,0.3636158192090395,0.40395480225988706,0.36757062146892655
0.3333333333333333,0.3525423728813559,0.3967231638418079,0.36124293785310735
0.3389830508474576,0.3462146892655367,0.387683615819209,0.3527683615819209
0.3446327683615819,0.3373446327683616,0.37841807909604513,0.3463276836158192
0.3502824858757062,0.3296045197740113,0.3693785310734463,0.34011299435028247
0.3559322033898305,0.32056497175141246,0.3522033898305084,0.33186440677966106
0.3615819209039548,0.31175141242937854,0.3461016949152543,0.3235028248587571
0.3672316384180791,0.29802259887005644,0.33853107344632766,0.3178531073446328
0.3728813559322034,0.29011299435028254,0.33073446327683614,0.3125423728813559
0.3785310734463277,0.2826553672316384,0.3169491525423729,0.3071186440677966
0.384180790960452,0.27655367231638417,0.30768361581920906,0.30056497175141245
0.3898305084745763,0.26796610169491525,0.3007909604519774,0.2977401129943503
0.3954802259887006,0.2633898305084746,0.292316384180791,0.2922033898305085
0.4011299435028249,0.2588135593220339,0.2846327683615819,0.2847457627118644
0.4067796610169492,0.2493220338983051,0.2741242937853107,0.27898305084745767
0.4124293785310734,0.24101694915254235,0.2697175141242938,0.27435028248587573
0.4180790960451977,0.23000000000000004,0.25887005649717515,0.2691525423728814
0.423728813559322,0.22254237288135595,0.24056497175141245,0.2653107344632768
0.4293785310734463,0.2161581920903955,0.22870056497175142,0.26124293785310737
0.4350282485875706,0.2117514124293785,0.21909604519774015,0.2557062146892655
0.4406779661016949,0.2069491525423729,0.21502824858757066,0.25028248587570623
0.4463276836158192,0.2024858757062147,0.2064406779661017,0.24644067796610172
0.4519774011299435,0.1976271186440678,0.20305084745762714,0.24192090395480226
0.4576271186440678,0.19203389830508474,0.19672316384180788,0.23740112994350285
0.4632768361581921,0.18870056497175142,0.18960451977401133,0.23389830508474577
0.4689265536723164,0.17994350282485874,0.18451977401129946,0.22768361581920907
0.4745762711864407,0.17406779661016947,0.1793220338983051,0.22338983050847458
0.480225988700565,0.17152542372881352,0.1719774011299435,0.21468926553672318
0.4858757062146893,0.16706214689265536,0.16587570621468928,0.20926553672316384
0.4915254237288136,0.162090395480226,0.15875706214689267,0.20689265536723161
0.4971751412429379,0.1568361581920904,0.15265536723163842,0.2032768361581921
0.5028248587570622,0.15293785310734465,0.14610169491525424,0.1984180790960452
0.5084745762711864,0.14898305084745764,0.14112994350282487,0.19141242937853106
0.5141242937853108,0.14242937853107346,0.13502824858757062,0.18451977401129946
0.519774011299435,0.13745762711864407,0.12903954802259887,0.18
0.5254237288135594,0.13118644067796612,0.12101694915254237,0.17570621468926553
0.5310734463276836,0.1261581920903955,0.11581920903954802,0.16903954802259885
0.536723163841808,0.12271186440677966,0.11322033898305085,0.1632768361581921
0.5423728813559322,0.11824858757062146,0.10949152542372881,0.15864406779661017
0.5480225988700564,0.11378531073446328,0.1055367231638418,0.15581920903954802
0.5536723163841808,0.11028248587570622,0.10338983050847457,0.15073446327683615
0.559322033898305,0.10372881355932202,0.09932203389830509,0.1465536723163842
0.5649717514124294,0.10197740112994348,0.09615819209039547,0.13977401129943504
0.5706214689265536,0.09853107344632767,0.08915254237288135,0.13548022598870058
0.576271186440678,0.09638418079096044,0.08745762711864406,0.13197740112994352
0.5819209039548022,0.09192090395480225,0.08451977401129943,0.1289265536723164
0.5875706214689266,0.09011299435028249,0.08045197740112994,0.12406779661016948
0.5932203389830508,0.08666666666666668,0.07819209039548022,0.1184180790960452
0.5988700564971752,0.08293785310734463,0.07717514124293785,0.11581920903954802
0.6045197740112994,0.08146892655367231,0.07401129943502825,0.11197740112994349
0.6101694915254238,0.07858757062146894,0.06994350282485877,0.10983050847457626
0.615819209039548,0.07649717514124293,0.0656497175141243,0.10700564971751411
0.6214689265536724,0.07423728813559322,0.06372881355932203,0.10440677966101695
0.6271186440677966,0.07265536723163842,0.06101694915254237,0.09830508474576272
0.632768361581921,0.07096045197740113,0.05988700564971751,0.09649717514124294
0.6384180790960452,0.07005649717514124,0.05864406779661016,0.09231638418079097
0.6440677966101694,0.06740112994350282,0.05774011299435028,0.09039548022598871
0.6497175141242938,0.06587570621468926,0.05344632768361581,0.08824858757062147
0.655367231638418,0.06372881355932203,0.051977401129943514,0.08418079096045197
0.6610169491525424,0.06242937853107345,0.0503954802259887,0.08225988700564972
0.6666666666666666,0.06073446327683616,0.04858757062146893,0.08045197740112994
0.672316384180791,0.05898305084745763,0.0472316384180791,0.07717514124293785
0.6779661016949152,0.05734463276836158,0.046214689265536714,0.07457627118644067
0.6836158192090396,0.05525423728813559,0.0448587570621469,0.07186440677966102
0.6892655367231638,0.05355932203389831,0.04440677966101696,0.06892655367231638
0.6949152542372882,0.051807909604519774,0.04259887005649718,0.06689265536723164
0.7005649717514124,0.05045197740112994,0.04112994350282486,0.06485875706214689
0.7062146892655368,0.048757062146892655,0.04011299435028248,0.06350282485875706
0.711864406779661,0.046158192090395476,0.03875706214689265,0.061807909604519776
0.7175141242937854,0.044463276836158194,0.03672316384180791,0.05853107344632768
0.7231638418079096,0.043276836158192084,0.03491525423728813,0.05378531073446328
0.7288135593220338,0.041412429378531075,0.0335593220338983,0.05231638418079096
0.7344632768361582,0.04062146892655367,0.03299435028248588,0.05163841807909605
0.7401129943502824,0.03853107344632768,0.03288135593220339,0.04892655367231638
0.7457627118644068,0.03694915254237288,0.03242937853107345,0.047457627118644076
0.751412429378531,0.03598870056497175,0.029830508474576273,0.04531073446327683
0.7570621468926554,0.034237288135593215,0.029039548022598866,0.04305084745762712
0.7627118644067796,0.03344632768361582,0.02813559322033898,0.04011299435028249
0.768361581920904,0.03231638418079096,0.027005649717514128,0.03830508474576271
0.7740112994350282,0.031129943502824862,0.02610169491525424,0.0368361581920904
0.7796610169491526,0.03022598870056497,0.025423728813559324,0.03581920903954803
0.7853107344632768,0.02870056497175141,0.024971751412429376,0.03491525423728814
0.7909604519774012,0.02779661016949152,0.024519774011299438,0.033446327683615815
0.7966101694915254,0.02706214689265536,0.02384180790960452,0.0319774011299435
0.8022598870056498,0.02632768361581921,0.0231638418079096,0.03096045197740113
0.807909604519774,0.025593220338983046,0.022259887005649716,0.029717514124293784
0.8135593220338984,0.02480225988700565,0.021468926553672316,0.02790960451977401
0.8192090395480226,0.024124293785310735,0.020903954802259886,0.02768361581920904
0.8248587570621468,0.023502824858757057,0.019774011299435026,0.026440677966101694
0.8305084745762712,0.022146892655367227,0.019322033898305085,0.024406779661016946
0.8361581920903954,0.021638418079096045,0.018644067796610167,0.02305084745762712
0.8418079096045198,0.021129943502824856,0.01807909604519774,0.021920903954802257
0.847457627118644,0.020112994350282482,0.0176271186440678,0.021468926553672316
0.8531073446327684,0.01943502824858757,0.016610169491525426,0.020338983050847456
0.8587570621468926,0.018757062146892652,0.015932203389830507,0.01909604519774011
0.864406779661017,0.018248587570621467,0.015706214689265537,0.017627118644067796
0.8700564971751412,0.017005649717514126,0.01502824858757062,0.017062146892655367
0.8757062146892656,0.01615819209039548,0.01480225988700565,0.016271186440677966
0.8813559322033898,0.015649717514124292,0.014463276836158192,0.016045197740112992
0.8870056497175142,0.015084745762711864,0.014011299435028247,0.015141242937853105
0.8926553672316384,0.01480225988700565,0.013220338983050847,0.014350282485875705
0.8983050847457628,0.013559322033898305,0.012881355932203388,0.01389830508474576
0.903954802259887,0.013333333333333332,0.012090395480225991,0.012881355932203386
0.9096045197740112,0.012768361581920904,0.01152542372881356,0.012429378531073445
0.9152542372881356,0.012033898305084745,0.011073446327683615,0.011977401129943504
0.9209039548022598,0.011638418079096042,0.010847457627118645,0.011073446327683615
0.9265536723163842,0.011016949152542371,0.0103954802259887,0.010282485875706215
0.9322033898305084,0.010282485875706213,0.010056497175141243,0.009717514124293785
0.9378531073446328,0.0096045197740113,0.009265536723163843,0.009491525423728813
0.943502824858757,0.009265536723163841,0.008813559322033898,0.009265536723163841
0.9491525423728814,0.008644067796610169,0.008022598870056496,0.007909604519774011
0.9548022598870056,0.008022598870056496,0.0075706214689265534,0.0075706214689265534
0.96045197740113,0.007514124293785309,0.00711864406779661,0.00711864406779661
0.9661016949152542,0.00694915254237288,0.0068926553672316385,0.006779661016949152
0.9717514124293786,0.006666666666666665,0.00655367231638418,0.006327683615819209
0.9774011299435028,0.006271186440677965,0.0061016949152542365,0.005875706214689264
0.9830508474576272,0.005875706214689264,0.00576271186440678,0.005649717514124293
0.9887005649717514,0.005762711864406777,0.005649717514124293,0.005649717514124293
0.9943502824858758,0.005649717514124293,0.005649717514124293,0.005649717514124293
1.0,0.0,0.0,0.0
